"","text","favorited","favoriteCount","replyToSN","created","truncated","replyToSID","id","replyToUID","statusSource","screenName","retweetCount","isRetweet","retweeted","longitude","latitude"
"1","got back to reviewing again Disclosure: “Moog For Love” https://t.co/tpXQIf9aeX ",FALSE,2,NA,2016-06-15 16:22:42,FALSE,NA,"743116533954674689",NA,"<a href=""http://twitter.com/download/iphone"" rel=""nofollow"">Twitter for iPhone</a>","mzhang13",0,FALSE,FALSE,NA,NA
"2","seeing  jam out to  on her Snapchat story made my day.",FALSE,3,NA,2016-05-28 20:12:58,FALSE,NA,"736651500122963968",NA,"<a href=""http://twitter.com/download/iphone"" rel=""nofollow"">Twitter for iPhone</a>","mzhang13",0,FALSE,FALSE,NA,NA
"3"," super excited to hear about  you have the support of this STS '13 alum!",FALSE,0,"regeneron",2016-05-26 14:55:34,FALSE,NA,"735846848498442241","23077762","<a href=""http://twitter.com"" rel=""nofollow"">Twitter Web Client</a>","mzhang13",0,FALSE,FALSE,NA,NA
"4"," thank you for your inspiring words tonight! I will try my best to never forget the curiosity that brought me to Intel STS.",FALSE,0,"neiltyson",2016-03-16 02:19:30,FALSE,NA,"709927038967099394","19725644","<a href=""http://twitter.com/download/iphone"" rel=""nofollow"">Twitter for iPhone</a>","mzhang13",0,FALSE,FALSE,NA,NA
"5","Happy  ",FALSE,0,NA,2016-03-10 16:05:37,FALSE,NA,"707960610617688068",NA,"<a href=""http://twitter.com"" rel=""nofollow"">Twitter Web Client</a>","mzhang13",1,FALSE,FALSE,NA,NA
"6"," please come to Princetonnnnnnnnnnnnnnn",FALSE,0,"Trevornoah",2016-03-04 08:36:00,FALSE,NA,"705673132825300993","46335511","<a href=""http://twitter.com/download/iphone"" rel=""nofollow"">Twitter for iPhone</a>","mzhang13",0,FALSE,FALSE,NA,NA
"7"," i'm trying to submit my application but it says the Oracle Cloud service is down.. is there anything i can do?",FALSE,0,"BlizzardCareers",2016-01-30 11:23:43,FALSE,NA,"693394154613776384","171792810","<a href=""http://twitter.com"" rel=""nofollow"">Twitter Web Client</a>","mzhang13",0,FALSE,FALSE,NA,NA
"8","just heard  on  what a time to be alive ",FALSE,0,NA,2015-11-04 18:10:14,FALSE,NA,"661968711365062657",NA,"<a href=""http://twitter.com/download/iphone"" rel=""nofollow"">Twitter for iPhone</a>","mzhang13",0,FALSE,FALSE,NA,NA
"9","super cool map showing how segregation looks. http://t.co/X0ZpplLCi1 ",FALSE,0,NA,2015-09-05 14:24:49,FALSE,NA,"640168712880975874",NA,"<a href=""http://twitter.com"" rel=""nofollow"">Twitter Web Client</a>","mzhang13",0,FALSE,FALSE,NA,NA
"10","ahhh  featured my http://t.co/utIMtuko0y blog post!! http://t.co/o6ePkR3h3L",FALSE,1,NA,2015-09-03 13:14:53,FALSE,NA,"639426338613534720",NA,"<a href=""http://twitter.com"" rel=""nofollow"">Twitter Web Client</a>","mzhang13",0,FALSE,FALSE,NA,NA
"11","  s/o to the bottom golden grillz",FALSE,2,"woobao",2015-08-26 01:53:22,FALSE,"636340334834884609","636355726420611072","153177511","<a href=""http://twitter.com"" rel=""nofollow"">Twitter Web Client</a>","mzhang13",0,FALSE,FALSE,NA,NA
"12","check out what I've been working on during my internship! 
Explore Our Impact on Your Community! http://t.co/bfPIwz3C6a",FALSE,0,NA,2015-08-25 16:30:49,FALSE,NA,"636214156463575040",NA,"<a href=""http://twitter.com"" rel=""nofollow"">Twitter Web Client</a>","mzhang13",0,FALSE,FALSE,NA,NA
"13"," yup and yup, though I might try to stay on volunteering when I can after summer.",FALSE,0,"mjagger1",2015-08-11 18:00:15,FALSE,"631110589864128512","631163233278263296","144307925","<a href=""http://twitter.com/download/iphone"" rel=""nofollow"">Twitter for iPhone</a>","mzhang13",0,FALSE,FALSE,NA,NA
"14"," hey Mr. Jackett, happy to see you sharing this! I don't know if I ever told you, but I intern at http://t.co/utIMtuko0y now!",FALSE,0,"mjagger1",2015-08-11 00:04:29,FALSE,"630875183918804992","630892507828719617","144307925","<a href=""http://twitter.com"" rel=""nofollow"">Twitter Web Client</a>","mzhang13",0,FALSE,FALSE,NA,NA
"15","my first  blog post! http://t.co/fQSyoyvNug",FALSE,0,NA,2015-07-23 23:56:21,FALSE,NA,"624367479129808896",NA,"<a href=""http://twitter.com"" rel=""nofollow"">Twitter Web Client</a>","mzhang13",0,FALSE,FALSE,NA,NA
"16","just hit gold on a Crimson Akali pentakill.   ",FALSE,2,NA,2015-07-11 14:17:11,FALSE,NA,"619873071814545410",NA,"<a href=""https://mobile.twitter.com"" rel=""nofollow"">Mobile Web (M5)</a>","mzhang13",1,FALSE,FALSE,NA,NA
"17"," 2015 still trying to give it the love it deserves",FALSE,1,"haegurlhae",2015-06-15 23:46:21,FALSE,"610140994521165824","610594223985946625","17857838","<a href=""http://twitter.com"" rel=""nofollow"">Twitter Web Client</a>","mzhang13",0,FALSE,FALSE,NA,NA
"18","Faker/Easyhoon is like what the Jets wish Sanchez/Tebow could have been. ",FALSE,0,NA,2015-05-08 02:25:05,FALSE,NA,"596501041572663296",NA,"<a href=""http://twitter.com"" rel=""nofollow"">Twitter Web Client</a>","mzhang13",0,FALSE,FALSE,NA,NA
"19"," hae",FALSE,1,"haegurlhae",2015-05-05 01:18:13,FALSE,"595384932131807232","595397050403008512","17857838","<a href=""http://twitter.com"" rel=""nofollow"">Twitter Web Client</a>","mzhang13",0,FALSE,FALSE,NA,NA
"20"," sup",FALSE,0,"haegurlhae",2015-05-05 00:01:53,FALSE,"595029621046976512","595377840981463040","17857838","<a href=""http://twitter.com"" rel=""nofollow"">Twitter Web Client</a>","mzhang13",0,FALSE,FALSE,NA,NA
"21","when it's too bright outside so you look down and it's still too bright. ",FALSE,1,NA,2015-04-22 14:59:20,FALSE,NA,"590892650980597761",NA,"<a href=""http://twitter.com"" rel=""nofollow"">Twitter Web Client</a>","mzhang13",0,FALSE,FALSE,NA,NA
"22","Check out Tab Rename! http://t.co/1uWXh9jEnm via ",FALSE,0,NA,2015-04-12 03:39:29,FALSE,NA,"587097680108748800",NA,"<a href=""http://twitter.com"" rel=""nofollow"">Twitter Web Client</a>","mzhang13",0,FALSE,FALSE,NA,NA
"23","woopwoop!
Album Review — Purity Ring: “Another Eternity” http://t.co/vRuCio4F6M via ",FALSE,0,NA,2015-03-20 20:07:34,FALSE,NA,"579011419808616448",NA,"<a href=""http://twitter.com"" rel=""nofollow"">Twitter Web Client</a>","mzhang13",0,FALSE,FALSE,NA,NA
"24","my first  article! http://t.co/KYLmByOXcP",FALSE,1,NA,2015-01-15 19:39:52,FALSE,NA,"555811623072722945",NA,"<a href=""http://twitter.com"" rel=""nofollow"">Twitter Web Client</a>","mzhang13",0,FALSE,FALSE,NA,NA
"25"," lol",FALSE,0,"krewellamusic24",2014-09-30 20:16:35,FALSE,NA,"517045361672986624","1865195922","<a href=""http://twitter.com"" rel=""nofollow"">Twitter Web Client</a>","mzhang13",0,FALSE,FALSE,NA,NA
"26","I am a    http://t.co/WLpndnbAyZ",FALSE,0,NA,2014-09-27 19:01:28,FALSE,NA,"515939295497310210",NA,"<a href=""http://twitter.com/download/iphone"" rel=""nofollow"">Twitter for iPhone</a>","mzhang13",1,FALSE,FALSE,NA,NA
"27","check it out! Album Review – Porter Robinson: ‘Worlds’ http://t.co/Rk541svRVu via ",FALSE,0,NA,2014-08-09 23:31:25,FALSE,NA,"498250227480948736",NA,"<a href=""https://dev.twitter.com/docs/tfw"" rel=""nofollow"">Twitter for Websites</a>","mzhang13",0,FALSE,FALSE,NA,NA
"28","listening to  makes me happy to be alive.",FALSE,0,NA,2014-07-20 16:13:44,FALSE,NA,"490892322834751489",NA,"<a href=""http://twitter.com"" rel=""nofollow"">Twitter Web Client</a>","mzhang13",0,FALSE,FALSE,NA,NA
"29"," and while(1&lt;2) gives me hope that popular electronic music can be good someday. ",FALSE,0,"deadmau5",2014-06-17 00:02:39,FALSE,NA,"478689142881005568","22412376","<a href=""http://twitter.com"" rel=""nofollow"">Twitter Web Client</a>","mzhang13",0,FALSE,FALSE,NA,NA
"30","Think Like a Freak was okaaaay, imo definitely not as interesting as its predecessors.. ",FALSE,0,NA,2014-05-25 18:12:16,FALSE,NA,"470628432552787968",NA,"<a href=""http://twitter.com"" rel=""nofollow"">Twitter Web Client</a>","mzhang13",0,FALSE,FALSE,NA,NA
"31","and the introversion.",FALSE,0,NA,2014-05-04 17:11:43,FALSE,NA,"463003047925678080",NA,"<a href=""http://twitter.com"" rel=""nofollow"">Twitter Web Client</a>","mzhang13",0,FALSE,FALSE,NA,NA
"32","check out my piece! Music — Lawnparties Preview: GRiZ http://t.co/ghwdXSiPKx via ",FALSE,0,NA,2014-05-02 01:27:02,FALSE,NA,"462040537067835392",NA,"<a href=""https://dev.twitter.com/docs/tfw"" rel=""nofollow"">Twitter for Websites</a>","mzhang13",0,FALSE,FALSE,NA,NA
"33","I can't get  voice out of my head ",FALSE,0,NA,2014-04-16 05:27:59,FALSE,NA,"456302967054807040",NA,"<a href=""http://twitter.com"" rel=""nofollow"">Twitter Web Client</a>","mzhang13",0,FALSE,FALSE,NA,NA
"34","Vote for ""Volunteering as an emergency medic..."" by 'Jessica Haller'!   via  http://t.co/ANkSSs50k0",FALSE,0,NA,2014-03-27 00:30:04,FALSE,NA,"448980236617539584",NA,"<a href=""https://dev.twitter.com/docs/tfw"" rel=""nofollow"">Twitter for Websites</a>","mzhang13",0,FALSE,FALSE,NA,NA
"35"," I feel you",FALSE,0,NA,2014-03-23 01:25:45,FALSE,NA,"447544696089624576",NA,"<a href=""http://twitter.com/download/iphone"" rel=""nofollow"">Twitter for iPhone</a>","mzhang13",0,FALSE,FALSE,NA,NA
"36","check out my album review of Skrillex: ‘Recess’ http://t.co/HqNlYBq4Vw via ",FALSE,0,NA,2014-03-13 04:33:36,FALSE,NA,"443968090674458624",NA,"<a href=""https://dev.twitter.com/docs/tfw"" rel=""nofollow"">Twitter for Websites</a>","mzhang13",0,FALSE,FALSE,NA,NA
"37","check out my review!
Music — Porter Robinson: “Sea of Voices” http://t.co/9Ciw9aedz3 via ",FALSE,0,NA,2014-03-04 00:01:28,FALSE,NA,"440638116362080256",NA,"<a href=""https://dev.twitter.com/docs/tfw"" rel=""nofollow"">Twitter for Websites</a>","mzhang13",0,FALSE,FALSE,NA,NA
"38","overused terms. ",FALSE,0,NA,2014-03-03 03:37:11,FALSE,NA,"440330015004061696",NA,"<a href=""http://twitter.com"" rel=""nofollow"">Twitter Web Client</a>","mzhang13",0,FALSE,FALSE,NA,NA
"39","the mornings you forget to bring your towel with you to the shower. ",FALSE,1,NA,2014-02-20 14:57:47,FALSE,NA,"436515029735981056",NA,"<a href=""http://twitter.com/download/iphone"" rel=""nofollow"">Twitter for iPhone</a>","mzhang13",0,FALSE,FALSE,"-74.65524125","40.34710912"
"40","Facebook's down so let's all jump on the next nearest social network.",FALSE,2,NA,2014-02-07 21:15:32,FALSE,NA,"431899051106111488",NA,"<a href=""http://twitter.com"" rel=""nofollow"">Twitter Web Client</a>","mzhang13",0,FALSE,FALSE,NA,NA
"41","the new $100 bills are actually beautiful.  ",FALSE,0,NA,2014-01-31 16:21:17,FALSE,NA,"429288284666073088",NA,"<a href=""http://twitter.com"" rel=""nofollow"">Twitter Web Client</a>","mzhang13",0,FALSE,FALSE,NA,NA
"42","we're all happy for ya. ",FALSE,0,NA,2014-01-25 22:24:36,FALSE,NA,"427205389717753856",NA,"<a href=""http://twitter.com"" rel=""nofollow"">Twitter Web Client</a>","mzhang13",0,FALSE,FALSE,NA,NA
"43","well, unfortunately this may be the year Peyton solidifies a place above Brady in history. ",FALSE,0,NA,2014-01-20 02:38:27,FALSE,NA,"425094944605224960",NA,"<a href=""http://twitter.com"" rel=""nofollow"">Twitter Web Client</a>","mzhang13",0,FALSE,FALSE,NA,NA
"44"," I think the Megan Tomlinson in the article easily describes more than a handful of people I've known in a number of HSs.",FALSE,0,"mzhang13",2014-01-20 02:36:19,FALSE,"425093871836483584","425094406455042048","29875935","<a href=""http://twitter.com"" rel=""nofollow"">Twitter Web Client</a>","mzhang13",0,FALSE,FALSE,NA,NA
"45"," from my experience, I felt like there is generally enough differentiation to set aside a class size worth of people.",FALSE,0,"mjagger1",2014-01-20 02:34:11,FALSE,"425091301135380480","425093871836483584","144307925","<a href=""http://twitter.com"" rel=""nofollow"">Twitter Web Client</a>","mzhang13",0,FALSE,FALSE,NA,NA
"46"," http://t.co/SQWoKOQxaI here's an interesting read about a topic we talked about a while back.",FALSE,0,"mjagger1",2014-01-17 18:52:15,FALSE,NA,"424252848340082688","144307925","<a href=""http://twitter.com"" rel=""nofollow"">Twitter Web Client</a>","mzhang13",0,FALSE,FALSE,NA,NA
"47","9am MAT201. ahhhhhhhhhh.  ",FALSE,0,NA,2014-01-17 12:30:59,FALSE,NA,"424156898813042688",NA,"<a href=""http://twitter.com/download/iphone"" rel=""nofollow"">Twitter for iPhone</a>","mzhang13",0,FALSE,FALSE,"-74.65606466","40.34483251"
"48","when people just don't get it.   ",FALSE,0,NA,2014-01-17 02:48:49,FALSE,NA,"424010388758200320",NA,"<a href=""http://twitter.com"" rel=""nofollow"">Twitter Web Client</a>","mzhang13",0,FALSE,FALSE,NA,NA
"49"," is literally amazing... https://t.co/i0oURTFPhH",FALSE,0,"Unrollme",2014-01-16 18:47:18,FALSE,NA,"423889214120292352","339769044","<a href=""https://dev.twitter.com/docs/tfw"" rel=""nofollow"">Twitter for Websites</a>","mzhang13",0,FALSE,FALSE,NA,NA
"50","  whaaaaaaaaaaaaat.",FALSE,0,"raymondjacobson",2014-01-16 03:49:12,FALSE,"423662882010963969","423663198860886016","347608512","<a href=""http://twitter.com"" rel=""nofollow"">Twitter Web Client</a>","mzhang13",0,FALSE,FALSE,NA,NA
"51","diving into a world of multivariable calculus for two days... goodbye social functionality. ",FALSE,0,NA,2014-01-15 04:12:31,FALSE,NA,"423306679698984961",NA,"<a href=""http://twitter.com"" rel=""nofollow"">Twitter Web Client</a>","mzhang13",0,FALSE,FALSE,NA,NA
"52"," let's try 1900",FALSE,0,NA,2014-01-10 02:08:51,FALSE,NA,"421463616747864064",NA,"<a href=""http://twitter.com"" rel=""nofollow"">Twitter Web Client</a>","mzhang13",0,FALSE,FALSE,NA,NA
"53","preach it. ",FALSE,0,NA,2014-01-10 02:02:51,FALSE,NA,"421462106609688576",NA,"<a href=""http://twitter.com"" rel=""nofollow"">Twitter Web Client</a>","mzhang13",0,FALSE,FALSE,NA,NA
"54"," I might&lt;3",FALSE,0,NA,2014-01-10 01:57:45,FALSE,NA,"421460822565466112",NA,"<a href=""http://twitter.com"" rel=""nofollow"">Twitter Web Client</a>","mzhang13",0,FALSE,FALSE,NA,NA
"55","Twitter is full of laughs. ",FALSE,1,NA,2014-01-09 22:08:20,FALSE,NA,"421403088876883969",NA,"<a href=""http://twitter.com"" rel=""nofollow"">Twitter Web Client</a>","mzhang13",0,FALSE,FALSE,NA,NA
"56","wow. http://t.co/ZN1VhkGXBL",FALSE,0,NA,2014-01-08 16:57:53,FALSE,NA,"420962574209794048",NA,"<a href=""https://dev.twitter.com/docs/tfw"" rel=""nofollow"">Twitter for Websites</a>","mzhang13",0,FALSE,FALSE,NA,NA
"57","  lol",FALSE,0,"LaurenKinane",2014-01-05 18:49:02,FALSE,"419872031585628160","419903382774493184","61691830","<a href=""http://twitter.com"" rel=""nofollow"">Twitter Web Client</a>","mzhang13",0,FALSE,FALSE,NA,NA
"58"," 4am really does know all my secrets.",FALSE,0,NA,2013-12-25 09:00:23,FALSE,NA,"415768977923530752",NA,"<a href=""http://twitter.com"" rel=""nofollow"">Twitter Web Client</a>","mzhang13",0,FALSE,FALSE,NA,NA
"59","there's always things to find happiness in. ",FALSE,0,NA,2013-12-25 02:08:33,FALSE,NA,"415665337347366912",NA,"<a href=""http://twitter.com/download/iphone"" rel=""nofollow"">Twitter for iPhone</a>","mzhang13",0,FALSE,FALSE,"-73.13360548","40.79757114"
"60","Se7en... The Usual Suspects... Now You See Me... my mind is gone.  ",FALSE,0,NA,2013-12-23 07:36:30,FALSE,NA,"415023090817445888",NA,"<a href=""http://twitter.com"" rel=""nofollow"">Twitter Web Client</a>","mzhang13",0,FALSE,FALSE,NA,NA
"61","more than words. ",FALSE,0,NA,2013-12-22 16:57:18,FALSE,NA,"414801832746037249",NA,"<a href=""http://twitter.com"" rel=""nofollow"">Twitter Web Client</a>","mzhang13",0,FALSE,FALSE,NA,NA
"62"," I went to the taping today because you're my favorite player to watch. Keep your head up and good luck!",FALSE,0,"WestriceLoL",2013-12-21 07:52:30,FALSE,NA,"414302341861371905","404533862","<a href=""http://twitter.com"" rel=""nofollow"">Twitter Web Client</a>","mzhang13",0,FALSE,FALSE,NA,NA
"63","flyaway bus time! ",FALSE,0,NA,2013-12-20 17:39:47,FALSE,NA,"414087750581637120",NA,"<a href=""http://twitter.com/download/iphone"" rel=""nofollow"">Twitter for iPhone</a>","mzhang13",0,FALSE,FALSE,"-118.27474373","34.03313197"
"64","hello new life. ",FALSE,1,NA,2013-12-20 16:13:59,FALSE,NA,"414066156786307072",NA,"<a href=""http://twitter.com"" rel=""nofollow"">Twitter Web Client</a>","mzhang13",0,FALSE,FALSE,NA,NA
"65","All of a Sudden I Miss Everyone.
",FALSE,0,NA,2013-12-20 06:18:49,FALSE,NA,"413916378899288064",NA,"<a href=""http://twitter.com"" rel=""nofollow"">Twitter Web Client</a>","mzhang13",0,FALSE,FALSE,NA,NA
"66","",FALSE,0,NA,2013-12-20 05:23:13,FALSE,NA,"413902388320145409",NA,"<a href=""http://twitter.com"" rel=""nofollow"">Twitter Web Client</a>","mzhang13",0,FALSE,FALSE,NA,NA
"67","it's crazy how many wonderful things I have to say to people who have already prematurely judged.",FALSE,0,NA,2013-12-20 05:22:50,FALSE,NA,"413902290949390336",NA,"<a href=""http://twitter.com"" rel=""nofollow"">Twitter Web Client</a>","mzhang13",0,FALSE,FALSE,NA,NA
"68","self-awareness is key.",FALSE,0,NA,2013-12-20 05:07:51,FALSE,NA,"413898520727277568",NA,"<a href=""http://twitter.com"" rel=""nofollow"">Twitter Web Client</a>","mzhang13",0,FALSE,FALSE,NA,NA
"69","  all about happiness in this life",FALSE,0,"beckermjulia",2013-12-20 05:06:49,FALSE,"413891561442013184","413898259912855552","393570115","<a href=""http://twitter.com"" rel=""nofollow"">Twitter Web Client</a>","mzhang13",0,FALSE,FALSE,NA,NA
"70","let the subtweeting craze begin. ",FALSE,0,NA,2013-12-20 03:00:32,FALSE,NA,"413866479629500416",NA,"<a href=""http://twitter.com"" rel=""nofollow"">Twitter Web Client</a>","mzhang13",0,FALSE,FALSE,NA,NA
"71","so much bm.",FALSE,0,NA,2013-12-16 23:47:00,FALSE,NA,"412730611179487232",NA,"<a href=""http://twitter.com/download/iphone"" rel=""nofollow"">Twitter for iPhone</a>","mzhang13",0,FALSE,FALSE,"-73.15554751","40.88561932"
"72","whyyyyyyyy meeeeeee. ",FALSE,0,NA,2013-12-08 10:18:39,FALSE,NA,"409628081385906176",NA,"<a href=""http://twitter.com/download/iphone"" rel=""nofollow"">Twitter for iPhone</a>","mzhang13",0,FALSE,FALSE,"-74.65651224","40.34530418"
"73","walking on cloud nine. ",FALSE,0,NA,2013-11-05 04:48:05,FALSE,NA,"397586091316084736",NA,"<a href=""http://twitter.com/download/iphone"" rel=""nofollow"">Twitter for iPhone</a>","mzhang13",0,FALSE,FALSE,NA,NA
"74","family is a group of people that gave you life and lived with you in your early life and nothing more. ",FALSE,0,NA,2013-11-03 19:08:28,FALSE,NA,"397077835757940736",NA,"<a href=""http://twitter.com/download/iphone"" rel=""nofollow"">Twitter for iPhone</a>","mzhang13",0,FALSE,FALSE,NA,NA
"75","oh my god if I actually used Twitter I would hella subtweet all day.",FALSE,0,NA,2013-11-03 00:57:38,FALSE,NA,"396803320620519424",NA,"<a href=""http://twitter.com/download/iphone"" rel=""nofollow"">Twitter for iPhone</a>","mzhang13",0,FALSE,FALSE,NA,NA
"76","this is pretty cool... 

 http://t.co/mWlN8Rki8W",FALSE,0,NA,2013-10-29 16:58:23,FALSE,NA,"395233163855036416",NA,"<a href=""https://www.thunderclap.it"" rel=""nofollow"">Thunderclap</a>","mzhang13",0,FALSE,FALSE,NA,NA
"77","when people use words they don't understand the meaning of. ",FALSE,0,NA,2013-10-27 17:50:32,FALSE,NA,"394521510435512321",NA,"<a href=""http://twitter.com"" rel=""nofollow"">Twitter Web Client</a>","mzhang13",0,FALSE,FALSE,NA,NA
"78"," oh nevermind i get the hashtag",FALSE,1,"mzhang13",2013-10-27 04:09:27,FALSE,"394314711958704128","394314878355120128","29875935","<a href=""http://twitter.com"" rel=""nofollow"">Twitter Web Client</a>","mzhang13",0,FALSE,FALSE,NA,NA
"79"," what is it",FALSE,0,"MattyBrennan14",2013-10-27 04:08:48,FALSE,"394311846825820160","394314711958704128","471223319","<a href=""http://twitter.com"" rel=""nofollow"">Twitter Web Client</a>","mzhang13",0,FALSE,FALSE,NA,NA
"80"," hi",FALSE,0,"jodieruodiwei",2013-10-27 03:57:06,FALSE,NA,"394311771558649856","1457061966","<a href=""http://twitter.com"" rel=""nofollow"">Twitter Web Client</a>","mzhang13",0,FALSE,FALSE,NA,NA
"81","oh.",FALSE,0,NA,2013-10-24 03:39:31,FALSE,NA,"393220180236439552",NA,"<a href=""http://twitter.com"" rel=""nofollow"">Twitter Web Client</a>","mzhang13",0,FALSE,FALSE,NA,NA
"82","  minuscule*",FALSE,0,"StevenSicari",2013-10-24 03:05:17,FALSE,"384436432552853504","393211565433819137","626057787","<a href=""http://twitter.com"" rel=""nofollow"">Twitter Web Client</a>","mzhang13",0,FALSE,FALSE,NA,NA
"83","woo!",FALSE,0,NA,2013-10-13 05:25:18,FALSE,NA,"389260534098718720",NA,"<a href=""http://twitter.com/download/iphone"" rel=""nofollow"">Twitter for iPhone</a>","mzhang13",0,FALSE,FALSE,NA,NA
"84","sleep has begun to elude me. ",FALSE,2,NA,2013-10-06 07:02:02,FALSE,NA,"386748164956385280",NA,"<a href=""http://twitter.com"" rel=""nofollow"">Twitter Web Client</a>","mzhang13",1,FALSE,FALSE,NA,NA
"85","why must I be congested so much ",FALSE,0,NA,2013-09-20 05:11:30,FALSE,NA,"380922143606702080",NA,"<a href=""http://twitter.com"" rel=""nofollow"">Twitter Web Client</a>","mzhang13",0,FALSE,FALSE,NA,NA
"86"," now that iOS 7 has come out it's time for all us to be annoying about it and say we've had it for months..",FALSE,1,"akerps",2013-09-18 17:58:13,FALSE,NA,"380390318333374464","559746818","<a href=""http://twitter.com"" rel=""nofollow"">Twitter Web Client</a>","mzhang13",0,FALSE,FALSE,NA,NA
"87","it's almost strange how much I don't want to go to class sometimes. ",FALSE,0,NA,2013-09-17 13:21:14,FALSE,NA,"379958224637526016",NA,"<a href=""http://twitter.com"" rel=""nofollow"">Twitter Web Client</a>","mzhang13",0,FALSE,FALSE,NA,NA
"88","life is our dictionary. ",FALSE,0,NA,2013-09-09 05:33:24,FALSE,NA,"376941388203438080",NA,"<a href=""http://twitter.com"" rel=""nofollow"">Twitter Web Client</a>","mzhang13",0,FALSE,FALSE,NA,NA
"89","=] ",FALSE,1,NA,2013-08-31 07:48:24,FALSE,NA,"373713870549815296",NA,"<a href=""http://twitter.com/download/iphone"" rel=""nofollow"">Twitter for iPhone</a>","mzhang13",0,FALSE,FALSE,NA,NA
"90","i'm so damn happy right now. ",FALSE,1,NA,2013-08-15 07:28:19,FALSE,NA,"367910609955725312",NA,"<a href=""http://twitter.com"" rel=""nofollow"">Twitter Web Client</a>","mzhang13",1,FALSE,FALSE,NA,NA
"91","holding fast to all that is good in this life.",FALSE,0,NA,2013-07-27 01:49:56,FALSE,NA,"360940085207769089",NA,"<a href=""http://twitter.com"" rel=""nofollow"">Twitter Web Client</a>","mzhang13",0,FALSE,FALSE,NA,NA
"92","yay! ",FALSE,0,NA,2013-04-28 05:48:55,FALSE,NA,"328385315628781568",NA,"<a href=""http://twitter.com"" rel=""nofollow"">Twitter Web Client</a>","mzhang13",0,FALSE,FALSE,NA,NA
"93","",FALSE,0,NA,2013-04-26 03:42:05,FALSE,NA,"327628625321009152",NA,"<a href=""http://twitter.com"" rel=""nofollow"">Twitter Web Client</a>","mzhang13",0,FALSE,FALSE,NA,NA
"94"," this tweet entertains me.",FALSE,0,NA,2013-04-22 03:51:52,FALSE,NA,"326181534862282752",NA,"<a href=""http://twitter.com"" rel=""nofollow"">Twitter Web Client</a>","mzhang13",0,FALSE,FALSE,NA,NA
"95","errr.",FALSE,0,NA,2013-04-22 00:43:39,FALSE,NA,"326134168763392000",NA,"<a href=""http://twitter.com"" rel=""nofollow"">Twitter Web Client</a>","mzhang13",0,FALSE,FALSE,NA,NA
"96","there's nothing better than real friends. ",FALSE,0,NA,2013-04-16 02:54:30,FALSE,NA,"323992768898818049",NA,"<a href=""http://twitter.com"" rel=""nofollow"">Twitter Web Client</a>","mzhang13",0,FALSE,FALSE,NA,NA
"97"," bobbie=[",FALSE,0,"beckermjulia",2013-04-16 02:54:03,FALSE,"323990885933125632","323992658336956416","393570115","<a href=""http://twitter.com"" rel=""nofollow"">Twitter Web Client</a>","mzhang13",0,FALSE,FALSE,NA,NA
"98","it's funny to see all my west coast friends online whenever I'm awake at this hour... ",FALSE,0,NA,2013-04-15 06:42:33,FALSE,NA,"323687772198146048",NA,"<a href=""http://twitter.com"" rel=""nofollow"">Twitter Web Client</a>","mzhang13",0,FALSE,FALSE,NA,NA
"99","mom's coming home!",FALSE,0,NA,2013-04-14 00:47:14,FALSE,NA,"323235968238907393",NA,"<a href=""http://twitter.com"" rel=""nofollow"">Twitter Web Client</a>","mzhang13",0,FALSE,FALSE,NA,NA
"100","  WOOOOOOO",FALSE,0,NA,2013-04-09 05:53:34,FALSE,NA,"321501118771384320",NA,"<a href=""http://twitter.com"" rel=""nofollow"">Twitter Web Client</a>","mzhang13",0,FALSE,FALSE,NA,NA
"101","sigh, literally unable to sleep. ",FALSE,0,NA,2013-04-02 08:24:12,FALSE,NA,"319002310913171456",NA,"<a href=""http://twitter.com"" rel=""nofollow"">Twitter Web Client</a>","mzhang13",0,FALSE,FALSE,NA,NA
"102","meaningfulness. ",FALSE,0,NA,2013-04-01 03:55:33,FALSE,NA,"318572313685680129",NA,"<a href=""http://twitter.com"" rel=""nofollow"">Twitter Web Client</a>","mzhang13",0,FALSE,FALSE,NA,NA
"103","homeward bound.",FALSE,2,NA,2013-03-30 21:31:36,FALSE,NA,"318113305375956992",NA,"<a href=""http://twitter.com"" rel=""nofollow"">Twitter Web Client</a>","mzhang13",0,FALSE,FALSE,NA,NA
"104","I &lt;3  ",FALSE,1,NA,2013-03-29 16:15:11,FALSE,NA,"317671287294160897",NA,"<a href=""http://twitter.com"" rel=""nofollow"">Twitter Web Client</a>","mzhang13",0,FALSE,FALSE,NA,NA
"105","lol Dartmouth.",FALSE,0,NA,2013-03-29 02:01:32,FALSE,NA,"317456458264502272",NA,"<a href=""http://twitter.com"" rel=""nofollow"">Twitter Web Client</a>","mzhang13",0,FALSE,FALSE,NA,NA
"106","riding the orange wave.",FALSE,0,NA,2013-03-29 01:22:47,FALSE,NA,"317446708911022081",NA,"<a href=""http://twitter.com"" rel=""nofollow"">Twitter Web Client</a>","mzhang13",0,FALSE,FALSE,NA,NA
"107","paid off.",FALSE,0,NA,2013-03-28 22:38:07,FALSE,NA,"317405265429401601",NA,"<a href=""http://twitter.com"" rel=""nofollow"">Twitter Web Client</a>","mzhang13",0,FALSE,FALSE,NA,NA
"108"," &lt;333333",FALSE,0,"LaurenKinane",2013-03-28 22:37:58,FALSE,"317384788929556481","317405231082270721","61691830","<a href=""http://twitter.com"" rel=""nofollow"">Twitter Web Client</a>","mzhang13",0,FALSE,FALSE,NA,NA
"109","I'll miss people.",FALSE,0,NA,2013-03-20 15:42:19,FALSE,NA,"314401525298511873",NA,"<a href=""http://twitter.com"" rel=""nofollow"">Twitter Web Client</a>","mzhang13",0,FALSE,FALSE,NA,NA
"110","care is the best thing.",FALSE,0,NA,2013-03-20 02:35:09,FALSE,NA,"314203426621898752",NA,"<a href=""http://twitter.com"" rel=""nofollow"">Twitter Web Client</a>","mzhang13",0,FALSE,FALSE,NA,NA
"111"," WHY ARE YOU 9 HOURS AWAY.",FALSE,0,"LaurenKinane",2013-03-16 05:02:23,FALSE,"312788674976821249","312790930228912128","61691830","<a href=""http://twitter.com"" rel=""nofollow"">Twitter Web Client</a>","mzhang13",0,FALSE,FALSE,NA,NA
"112","All-Star STEM Students Meet the President! | The White House: http://t.co/iqLobIBOe8 ",FALSE,0,NA,2013-03-13 05:27:23,FALSE,NA,"311710055466668034",NA,"<a href=""https://dev.twitter.com/docs/tfw"" rel=""nofollow"">Twitter for Websites</a>","mzhang13",0,FALSE,FALSE,NA,NA
"113","it is amazing here.",FALSE,0,NA,2013-03-11 14:59:01,FALSE,NA,"311129135625936896",NA,"<a href=""http://twitter.com"" rel=""nofollow"">Twitter Web Client</a>","mzhang13",0,FALSE,FALSE,NA,NA
"114","",FALSE,0,NA,2013-03-09 02:36:02,FALSE,NA,"310217383493120000",NA,"<a href=""http://twitter.com"" rel=""nofollow"">Twitter Web Client</a>","mzhang13",0,FALSE,FALSE,NA,NA
"115"," awesome.",FALSE,1,"MattyBrennan14",2013-02-16 17:18:30,FALSE,"302815392240369664","302829316838936576","471223319","<a href=""http://twitter.com"" rel=""nofollow"">Twitter Web Client</a>","mzhang13",1,FALSE,FALSE,NA,NA
"116","it's hard to find the right words to thank you.",FALSE,0,NA,2013-02-13 04:13:12,FALSE,NA,"301544525749444608",NA,"<a href=""http://twitter.com"" rel=""nofollow"">Twitter Web Client</a>","mzhang13",0,FALSE,FALSE,NA,NA
"117","sentimental sarabande.  ",FALSE,0,NA,2013-02-04 07:41:14,FALSE,NA,"298335391839318016",NA,"<a href=""http://twitter.com"" rel=""nofollow"">Twitter Web Client</a>","mzhang13",0,FALSE,FALSE,NA,NA
"118","the wizard and I. ",FALSE,0,NA,2013-01-30 11:09:19,FALSE,NA,"296575816446406656",NA,"<a href=""http://twitter.com"" rel=""nofollow"">Twitter Web Client</a>","mzhang13",0,FALSE,FALSE,NA,NA
"119"," you'd be welcomed back!",FALSE,0,"LaurenKinane",2013-01-30 01:14:47,FALSE,"296425006831898624","296426198924410881","61691830","<a href=""http://twitter.com"" rel=""nofollow"">Twitter Web Client</a>","mzhang13",0,FALSE,FALSE,NA,NA
"120","why so serious? ",FALSE,0,NA,2013-01-28 05:01:05,FALSE,NA,"295758372588904449",NA,"<a href=""http://twitter.com"" rel=""nofollow"">Twitter Web Client</a>","mzhang13",0,FALSE,FALSE,NA,NA
"121"," &lt;3333333",FALSE,0,"LaurenKinane",2013-01-28 03:16:18,FALSE,"295702862284066817","295732000558546945","61691830","<a href=""http://twitter.com"" rel=""nofollow"">Twitter Web Client</a>","mzhang13",0,FALSE,FALSE,NA,NA
"122","those lonely drives. ",FALSE,0,NA,2013-01-27 06:04:30,FALSE,NA,"295411942842060800",NA,"<a href=""http://twitter.com"" rel=""nofollow"">Twitter Web Client</a>","mzhang13",0,FALSE,FALSE,NA,NA
"123"," so jealous!",FALSE,0,"matt_ross93",2013-01-26 18:15:06,FALSE,"295227221046616064","295233418512433152","446445098","<a href=""http://twitter.com"" rel=""nofollow"">Twitter Web Client</a>","mzhang13",0,FALSE,FALSE,NA,NA
"124","aww newsday. ",FALSE,1,NA,2013-01-24 14:16:47,FALSE,NA,"294448666444443648",NA,"<a href=""http://twitter.com"" rel=""nofollow"">Twitter Web Client</a>","mzhang13",0,FALSE,FALSE,NA,NA
"125","my leg feels like sandpaper.  ",FALSE,0,NA,2013-01-22 03:26:41,FALSE,NA,"293560287418785792",NA,"<a href=""http://twitter.com"" rel=""nofollow"">Twitter Web Client</a>","mzhang13",0,FALSE,FALSE,NA,NA
"126"," http://t.co/mFl1hzHL",FALSE,0,"EriDamm",2013-01-21 01:44:32,FALSE,"293171586943565824","293172193280544768","527986692","<a href=""http://twitter.com"" rel=""nofollow"">Twitter Web Client</a>","mzhang13",0,FALSE,FALSE,NA,NA
"127"," I think it's because they're successful... ",FALSE,0,"EriDamm",2013-01-21 01:41:28,FALSE,"293168819642462208","293171421385981952","527986692","<a href=""http://twitter.com"" rel=""nofollow"">Twitter Web Client</a>","mzhang13",0,FALSE,FALSE,NA,NA
"128","so hoarse.",FALSE,0,NA,2013-01-20 05:35:35,FALSE,NA,"292867951810457600",NA,"<a href=""http://twitter.com"" rel=""nofollow"">Twitter Web Client</a>","mzhang13",0,FALSE,FALSE,NA,NA
"129"," hmmmm.",FALSE,0,"LaurenKinane",2013-01-20 04:09:44,FALSE,"292844000153595906","292846345595789312","61691830","<a href=""http://twitter.com"" rel=""nofollow"">Twitter Web Client</a>","mzhang13",0,FALSE,FALSE,NA,NA
"130","Hope this is a   Tweet what you buy, 1/100 wins purchase price in credits. I got this: http://t.co/xCatwQBD",FALSE,0,NA,2013-01-14 16:24:54,FALSE,NA,"290857028098867200",NA,"<a href=""https://dev.twitter.com/docs/tfw"" rel=""nofollow"">Twitter for Websites</a>","mzhang13",0,FALSE,FALSE,NA,NA
"131","making the right decisions at the end of the day.",FALSE,0,NA,2013-01-14 07:38:55,FALSE,NA,"290724662160277504",NA,"<a href=""http://twitter.com"" rel=""nofollow"">Twitter Web Client</a>","mzhang13",0,FALSE,FALSE,NA,NA
"132","here's to a better Christmas of the future.",FALSE,0,NA,2013-01-14 02:03:27,FALSE,NA,"290640240736079872",NA,"<a href=""http://twitter.com"" rel=""nofollow"">Twitter Web Client</a>","mzhang13",0,FALSE,FALSE,NA,NA
"133","Intel Semifinalist! ",FALSE,0,NA,2013-01-10 00:02:44,FALSE,NA,"289160306381447168",NA,"<a href=""http://twitter.com"" rel=""nofollow"">Twitter Web Client</a>","mzhang13",0,FALSE,FALSE,NA,NA
"134","leaving on streams of the Dinh brothers is awfully relaxing. ",FALSE,0,NA,2013-01-07 07:49:39,FALSE,NA,"288190648862003200",NA,"<a href=""http://twitter.com"" rel=""nofollow"">Twitter Web Client</a>","mzhang13",0,FALSE,FALSE,NA,NA
"135","you gotta swim.  ",FALSE,1,NA,2013-01-03 07:04:57,FALSE,NA,"286729847223500801",NA,"<a href=""http://twitter.com"" rel=""nofollow"">Twitter Web Client</a>","mzhang13",0,FALSE,FALSE,NA,NA
"136"," yeah... I have no way of reaching her",FALSE,0,"mjagger1",2012-12-28 20:21:35,FALSE,"283713351048110080","284755998084833280","144307925","<a href=""http://twitter.com"" rel=""nofollow"">Twitter Web Client</a>","mzhang13",0,FALSE,FALSE,NA,NA
"137","I feel okay. I really do.",FALSE,0,NA,2012-12-28 08:56:16,FALSE,NA,"284583536093179904",NA,"<a href=""http://twitter.com"" rel=""nofollow"">Twitter Web Client</a>","mzhang13",0,FALSE,FALSE,NA,NA
"138","just listened to the All-State CD, just cried. ",FALSE,0,NA,2012-12-26 20:08:36,FALSE,NA,"284027957331230720",NA,"<a href=""http://twitter.com"" rel=""nofollow"">Twitter Web Client</a>","mzhang13",0,FALSE,FALSE,NA,NA
"139"," you were never mine to keep&lt;/3",FALSE,1,"akerps",2012-12-26 04:07:31,FALSE,"283774295807766528","283786092417789952","559746818","<a href=""http://twitter.com"" rel=""nofollow"">Twitter Web Client</a>","mzhang13",0,FALSE,FALSE,NA,NA
"140"," well... I think you know who you are.",FALSE,0,NA,2012-12-25 16:13:37,FALSE,NA,"283606434288128000",NA,"<a href=""http://twitter.com"" rel=""nofollow"">Twitter Web Client</a>","mzhang13",0,FALSE,FALSE,NA,NA
"141"," &lt;3",FALSE,0,"LaurenKinane",2012-12-25 07:21:43,FALSE,"283458790106492928","283472577089925121","61691830","<a href=""http://twitter.com"" rel=""nofollow"">Twitter Web Client</a>","mzhang13",0,FALSE,FALSE,NA,NA
"142"," awesome! also, TB? I'll try to let her know. Merry Christmas (Eve)!",FALSE,0,"mjagger1",2012-12-24 19:56:22,FALSE,"283296891024842754","283300102901227521","144307925","<a href=""http://twitter.com"" rel=""nofollow"">Twitter Web Client</a>","mzhang13",0,FALSE,FALSE,NA,NA
"143","how the hell is Czardas (Monti) NYSSMA Level V? ",FALSE,0,NA,2012-12-20 02:06:07,FALSE,NA,"281581213603479552",NA,"<a href=""http://twitter.com"" rel=""nofollow"">Twitter Web Client</a>","mzhang13",0,FALSE,FALSE,NA,NA
"144","down in a hole. ",FALSE,0,NA,2012-12-19 04:45:04,FALSE,NA,"281258827318435840",NA,"<a href=""http://twitter.com"" rel=""nofollow"">Twitter Web Client</a>","mzhang13",0,FALSE,FALSE,NA,NA
"145","SEPARATE ALREADY.",FALSE,0,NA,2012-12-18 02:11:29,FALSE,NA,"280857787456700416",NA,"<a href=""http://twitter.com"" rel=""nofollow"">Twitter Web Client</a>","mzhang13",0,FALSE,FALSE,NA,NA
"146","sigh... when my alarm doesn't sound because my phone turns off by itself... making me miss practice ",FALSE,0,NA,2012-12-17 12:10:32,FALSE,NA,"280646157141684225",NA,"<a href=""http://twitter.com"" rel=""nofollow"">Twitter Web Client</a>","mzhang13",0,FALSE,FALSE,NA,NA
"147"," trolled by the wildcats.",FALSE,0,"aBarnes94",2012-12-13 05:48:51,FALSE,"279098580655026176","279100552980353024","18117001","<a href=""http://twitter.com"" rel=""nofollow"">Twitter Web Client</a>","mzhang13",0,FALSE,FALSE,NA,NA
"148","you say goodbye, and I say hello.",FALSE,0,NA,2012-12-13 05:04:19,FALSE,NA,"279089344386592770",NA,"<a href=""http://twitter.com"" rel=""nofollow"">Twitter Web Client</a>","mzhang13",0,FALSE,FALSE,NA,NA
"149","turning 18 is probably one of the scariest things I'll ever go through. ",FALSE,0,NA,2012-12-13 00:59:30,FALSE,NA,"279027732053123074",NA,"<a href=""http://twitter.com"" rel=""nofollow"">Twitter Web Client</a>","mzhang13",0,FALSE,FALSE,NA,NA
"150"," ....?",FALSE,0,"croptopsuga",2012-12-10 01:00:11,FALSE,"277938439293370368","277940741534277632","40550576","<a href=""http://twitter.com"" rel=""nofollow"">Twitter Web Client</a>","mzhang13",0,FALSE,FALSE,NA,NA
"151","all I really want for my birthday from anyone is just a simple letter. so splendid.",FALSE,0,NA,2012-12-06 04:16:13,FALSE,NA,"276540522728935425",NA,"<a href=""http://twitter.com"" rel=""nofollow"">Twitter Web Client</a>","mzhang13",0,FALSE,FALSE,NA,NA
"152","some much to say, so much unsaid. ",FALSE,0,NA,2012-12-04 06:56:58,FALSE,NA,"275856202926268416",NA,"<a href=""http://twitter.com"" rel=""nofollow"">Twitter Web Client</a>","mzhang13",0,FALSE,FALSE,NA,NA
"153","actually, that may have been the best weekend of my life. ",FALSE,0,NA,2012-12-03 03:19:42,FALSE,NA,"275439138449285120",NA,"<a href=""http://twitter.com"" rel=""nofollow"">Twitter Web Client</a>","mzhang13",0,FALSE,FALSE,NA,NA
"154","best musical experience. ",FALSE,1,NA,2012-12-02 19:28:30,FALSE,NA,"275320555022991361",NA,"<a href=""http://twitter.com"" rel=""nofollow"">Twitter Web Client</a>","mzhang13",0,FALSE,FALSE,NA,NA
"155","I'm going to miss All-State so much. ",FALSE,0,NA,2012-12-02 13:21:19,FALSE,NA,"275228150252834817",NA,"<a href=""http://twitter.com"" rel=""nofollow"">Twitter Web Client</a>","mzhang13",0,FALSE,FALSE,NA,NA
"156","ahhhhhhhhhhhh ",FALSE,0,NA,2012-12-01 12:19:16,FALSE,NA,"274850146339127298",NA,"<a href=""http://twitter.com"" rel=""nofollow"">Twitter Web Client</a>","mzhang13",0,FALSE,FALSE,NA,NA
"157","All-State!  ",FALSE,2,NA,2012-11-29 04:51:46,FALSE,NA,"274012754900316161",NA,"<a href=""http://twitter.com"" rel=""nofollow"">Twitter Web Client</a>","mzhang13",1,FALSE,FALSE,NA,NA
"158","serenity. ",FALSE,0,NA,2012-11-27 07:35:04,FALSE,NA,"273329075400085504",NA,"<a href=""http://twitter.com"" rel=""nofollow"">Twitter Web Client</a>","mzhang13",0,FALSE,FALSE,NA,NA
"159"," more stirring!",FALSE,0,"EriDamm",2012-11-27 01:45:56,FALSE,"273240130859446272","273241212633370624","527986692","<a href=""http://twitter.com"" rel=""nofollow"">Twitter Web Client</a>","mzhang13",0,FALSE,FALSE,NA,NA
"160","refer to text. ",FALSE,0,"EriDamm",2012-11-27 01:03:33,FALSE,"273229866340589568","273230546824482816","527986692","<a href=""http://twitter.com"" rel=""nofollow"">Twitter Web Client</a>","mzhang13",0,FALSE,FALSE,NA,NA
"161","I might be crying listening to this beautiful ambient.  ",FALSE,0,NA,2012-11-26 06:03:56,FALSE,NA,"272943751289241600",NA,"<a href=""http://twitter.com"" rel=""nofollow"">Twitter Web Client</a>","mzhang13",1,FALSE,FALSE,NA,NA
"162","deciphering.",FALSE,0,NA,2012-11-25 07:06:58,FALSE,NA,"272597227493539840",NA,"<a href=""http://twitter.com"" rel=""nofollow"">Twitter Web Client</a>","mzhang13",0,FALSE,FALSE,NA,NA
"163","finally, finally, you did it. you set yourself free to seek out the love you want, you allowed yourself to be happy-you deserve it. ",FALSE,1,NA,2012-11-20 05:16:58,FALSE,NA,"270757605293580289",NA,"<a href=""http://twitter.com"" rel=""nofollow"">Twitter Web Client</a>","mzhang13",0,FALSE,FALSE,NA,NA
"164","so many strange feelings at once.",FALSE,0,NA,2012-11-19 03:48:30,FALSE,NA,"270372956474052608",NA,"<a href=""http://twitter.com"" rel=""nofollow"">Twitter Web Client</a>","mzhang13",2,FALSE,FALSE,NA,NA
"165"," o-o ",FALSE,0,NA,2012-11-18 18:11:45,FALSE,NA,"270227812164714497",NA,"<a href=""http://twitter.com"" rel=""nofollow"">Twitter Web Client</a>","mzhang13",0,FALSE,FALSE,NA,NA
"166"," &lt;333",FALSE,0,NA,2012-11-18 06:33:18,FALSE,NA,"270052040762343424",NA,"<a href=""http://twitter.com"" rel=""nofollow"">Twitter Web Client</a>","mzhang13",0,FALSE,FALSE,NA,NA
"167","I have elevated my existence and received Raise Your Fist by  for FREE. Download yours here: http://t.co/zoQ8gyYr",FALSE,0,NA,2012-11-16 04:41:46,FALSE,NA,"269299198107721728",NA,"<a href=""http://www.paywithatweet.com"" rel=""nofollow"">Pay with a Tweet</a>","mzhang13",0,FALSE,FALSE,NA,NA
"168","I get by with a little help from my friends. ",FALSE,0,NA,2012-11-05 04:26:16,FALSE,NA,"265309030770155520",NA,"<a href=""http://twitter.com"" rel=""nofollow"">Twitter Web Client</a>","mzhang13",0,FALSE,FALSE,NA,NA
"169","but why do I make these decisions? ",FALSE,0,NA,2012-10-28 04:01:37,FALSE,NA,"262403724234866689",NA,"<a href=""http://twitter.com"" rel=""nofollow"">Twitter Web Client</a>","mzhang13",0,FALSE,FALSE,NA,NA
"170","fear. ",FALSE,0,NA,2012-10-27 04:04:13,FALSE,NA,"262041988965224448",NA,"<a href=""http://twitter.com"" rel=""nofollow"">Twitter Web Client</a>","mzhang13",0,FALSE,FALSE,NA,NA
"171"," Siemens will be okay",FALSE,1,"iemmazawacki",2012-09-23 03:42:06,FALSE,"249709105147678722","249715235915698176","599677729","<a href=""http://twitter.com"" rel=""nofollow"">Twitter Web Client</a>","mzhang13",0,FALSE,FALSE,NA,NA
"172","so scared. ",FALSE,0,NA,2012-09-22 05:07:28,FALSE,NA,"249374331480731649",NA,"<a href=""http://twitter.com"" rel=""nofollow"">Twitter Web Client</a>","mzhang13",0,FALSE,FALSE,NA,NA
"173","well well.",FALSE,0,NA,2012-09-18 03:29:41,FALSE,NA,"247900173999673344",NA,"<a href=""http://twitter.com"" rel=""nofollow"">Twitter Web Client</a>","mzhang13",0,FALSE,FALSE,NA,NA
"174"," YESSSSSSSSSS!",FALSE,1,"m_zeltmann",2012-09-17 22:49:18,FALSE,"247829246402236417","247829611893882881","529790932","<a href=""http://twitter.com"" rel=""nofollow"">Twitter Web Client</a>","mzhang13",0,FALSE,FALSE,NA,NA
"175","Black, by Pearl Jam. ",FALSE,0,NA,2012-09-15 03:10:46,FALSE,NA,"246808247581954048",NA,"<a href=""http://twitter.com"" rel=""nofollow"">Twitter Web Client</a>","mzhang13",0,FALSE,FALSE,NA,NA
"176","please realize.",FALSE,0,NA,2012-09-12 20:30:42,FALSE,NA,"245982792285032448",NA,"<a href=""http://twitter.com"" rel=""nofollow"">Twitter Web Client</a>","mzhang13",0,FALSE,FALSE,NA,NA
"177","I do more thinking in Mr. Kelly's class than I do in the entire rest of the day. ",FALSE,0,NA,2012-09-11 22:56:42,FALSE,NA,"245657145801052160",NA,"<a href=""http://twitter.com"" rel=""nofollow"">Twitter Web Client</a>","mzhang13",0,FALSE,FALSE,NA,NA
"178","goodbye ",FALSE,0,NA,2012-09-11 01:06:53,FALSE,NA,"245327522550669312",NA,"<a href=""http://twitter.com"" rel=""nofollow"">Twitter Web Client</a>","mzhang13",0,FALSE,FALSE,NA,NA
"179","if Murray wins, I'm boycotting USTA. ",FALSE,0,NA,2012-09-11 00:58:16,FALSE,NA,"245325353843830784",NA,"<a href=""http://twitter.com"" rel=""nofollow"">Twitter Web Client</a>","mzhang13",0,FALSE,FALSE,NA,NA
"180","so many hair compliments.     ",FALSE,0,NA,2012-09-04 19:57:20,FALSE,NA,"243075292866965504",NA,"<a href=""http://twitter.com"" rel=""nofollow"">Twitter Web Client</a>","mzhang13",0,FALSE,FALSE,NA,NA
"181","and so it must be. ",FALSE,0,NA,2012-09-04 01:56:50,FALSE,NA,"242803375039713281",NA,"<a href=""http://twitter.com"" rel=""nofollow"">Twitter Web Client</a>","mzhang13",1,FALSE,FALSE,NA,NA
"182","love doesn't mean you're responsible for your own happiness, it means you're responsible for her happiness.",FALSE,0,NA,2012-09-01 06:42:04,FALSE,NA,"241787994728693760",NA,"<a href=""http://twitter.com/download/iphone"" rel=""nofollow"">Twitter for iPhone</a>","mzhang13",0,FALSE,FALSE,NA,NA
"183","nights like this I just wish you'd call, just to say hello.",FALSE,0,NA,2012-08-29 03:33:26,FALSE,NA,"240653360255086592",NA,"<a href=""http://twitter.com"" rel=""nofollow"">Twitter Web Client</a>","mzhang13",0,FALSE,FALSE,NA,NA
"184","""We are taught from a young age that one should never judge a book by its cover. But we must; it is often all we get to see"" ",FALSE,0,NA,2012-08-27 13:52:23,FALSE,NA,"240084348907429890",NA,"<a href=""http://twitter.com"" rel=""nofollow"">Twitter Web Client</a>","mzhang13",0,FALSE,FALSE,NA,NA
"185"," dessssssssssssssssssssssssssssy",FALSE,0,NA,2012-08-24 05:11:53,FALSE,NA,"238866195405733889",NA,"<a href=""http://twitter.com"" rel=""nofollow"">Twitter Web Client</a>","mzhang13",0,FALSE,FALSE,NA,NA
"186","http://t.co/aJyWxAQX",FALSE,0,NA,2012-08-24 05:04:40,FALSE,NA,"238864377078501376",NA,"<a href=""http://twitter.com"" rel=""nofollow"">Twitter Web Client</a>","mzhang13",0,FALSE,FALSE,NA,NA
"187","cold.",FALSE,0,NA,2012-08-24 03:53:08,FALSE,NA,"238846375813595137",NA,"<a href=""http://twitter.com"" rel=""nofollow"">Twitter Web Client</a>","mzhang13",0,FALSE,FALSE,NA,NA
"188"," &lt;333333333 so much love",FALSE,0,NA,2012-08-19 05:19:34,FALSE,NA,"237056187663790080",NA,"<a href=""http://twitter.com"" rel=""nofollow"">Twitter Web Client</a>","mzhang13",0,FALSE,FALSE,NA,NA
"189","I'm gonna blackball your name.",FALSE,0,NA,2012-08-13 03:59:37,FALSE,NA,"234861741186613249",NA,"<a href=""http://twitter.com"" rel=""nofollow"">Twitter Web Client</a>","mzhang13",0,FALSE,FALSE,NA,NA
"190","Malcolm Gladwell book coming out next year? ",FALSE,0,NA,2012-07-11 18:36:40,FALSE,NA,"223123658418290688",NA,"<a href=""http://twitter.com"" rel=""nofollow"">Twitter Web Client</a>","mzhang13",0,FALSE,FALSE,NA,NA
"191","Michael Zhang - 11th Grade - NY - Discus Awards Winner http://t.co/1qF1sSQB via  ",FALSE,0,NA,2012-07-05 09:19:23,FALSE,NA,"220809088244776960",NA,"<a href=""https://dev.twitter.com/docs/tfw"" rel=""nofollow"">Twitter for Websites</a>","mzhang13",1,FALSE,FALSE,NA,NA
"192","Model UN... ",FALSE,0,NA,2012-05-20 04:31:19,FALSE,NA,"204066749799337984",NA,"<a href=""http://twitter.com"" rel=""nofollow"">Twitter Web Client</a>","mzhang13",0,FALSE,FALSE,NA,NA
"193"," gotcha....=P",FALSE,0,"m_zeltmann",2012-05-20 04:30:47,FALSE,"204066403341438977","204066616042979329","529790932","<a href=""http://twitter.com"" rel=""nofollow"">Twitter Web Client</a>","mzhang13",0,FALSE,FALSE,NA,NA
"194"," hmmmmm.",FALSE,0,"m_zeltmann",2012-05-20 04:27:39,FALSE,"204064602852560896","204065826997936128","529790932","<a href=""http://twitter.com"" rel=""nofollow"">Twitter Web Client</a>","mzhang13",0,FALSE,FALSE,NA,NA
"195"," thank you Jay Park, for caring about the fans more than the money. ",FALSE,0,"JAYBUMAOM",2012-05-17 01:14:17,FALSE,NA,"202930001937580032","144284168","<a href=""http://twitter.com"" rel=""nofollow"">Twitter Web Client</a>","mzhang13",0,FALSE,FALSE,NA,NA
"196","well that was silly. ",FALSE,0,NA,2012-05-17 00:36:03,FALSE,NA,"202920382582366208",NA,"<a href=""http://twitter.com"" rel=""nofollow"">Twitter Web Client</a>","mzhang13",0,FALSE,FALSE,NA,NA
"197","it's time to face the music. ",FALSE,0,NA,2012-05-16 01:59:05,FALSE,NA,"202578889715884032",NA,"<a href=""http://twitter.com"" rel=""nofollow"">Twitter Web Client</a>","mzhang13",0,FALSE,FALSE,NA,NA
"198","listening to Beauty and the Beast ",FALSE,0,NA,2012-05-15 02:20:38,FALSE,NA,"202221925580279808",NA,"<a href=""http://twitter.com"" rel=""nofollow"">Twitter Web Client</a>","mzhang13",0,FALSE,FALSE,NA,NA
"199"," this is like an ""aha!"" moment.",FALSE,0,"LaurenKinane",2012-05-14 01:22:37,FALSE,"201842068371415041","201844935815741440","61691830","<a href=""http://twitter.com"" rel=""nofollow"">Twitter Web Client</a>","mzhang13",0,FALSE,FALSE,NA,NA
"200","querulous: ""complaining in a petulant or whining manner"" ",FALSE,0,NA,2012-05-14 00:26:08,FALSE,NA,"201830721386594305",NA,"<a href=""http://twitter.com"" rel=""nofollow"">Twitter Web Client</a>","mzhang13",0,FALSE,FALSE,NA,NA
"201","I should really start studying... ",FALSE,0,NA,2012-05-13 22:48:17,FALSE,NA,"201806095977693184",NA,"<a href=""http://twitter.com"" rel=""nofollow"">Twitter Web Client</a>","mzhang13",0,FALSE,FALSE,NA,NA
"202"," one doesn't",FALSE,0,"vickytimmel",2012-05-13 15:13:06,FALSE,"201690886403407872","201691545181765633","53203307","<a href=""http://twitter.com"" rel=""nofollow"">Twitter Web Client</a>","mzhang13",1,FALSE,FALSE,NA,NA
"203"," wrenches my heart. ",FALSE,0,"vickytimmel",2012-05-13 03:35:52,FALSE,"201510794859515904","201516079573508096","53203307","<a href=""http://twitter.com"" rel=""nofollow"">Twitter Web Client</a>","mzhang13",0,FALSE,FALSE,NA,NA
"204"," GATSBY&lt;3",FALSE,0,"vickytimmel",2012-05-13 02:50:47,FALSE,"201489782247915520","201504735394668546","53203307","<a href=""http://twitter.com"" rel=""nofollow"">Twitter Web Client</a>","mzhang13",0,FALSE,FALSE,NA,NA
"205"," happens to the best of us.",FALSE,0,"vickytimmel",2012-05-13 00:56:16,FALSE,"201468676900257792","201475917485309952","53203307","<a href=""http://twitter.com"" rel=""nofollow"">Twitter Web Client</a>","mzhang13",0,FALSE,FALSE,NA,NA
"206"," teachers with Twitter... that even talk to kids on it",FALSE,0,"beckermjulia",2012-05-10 01:52:57,FALSE,"200401766918012929","200403017021919236","393570115","<a href=""http://twitter.com"" rel=""nofollow"">Twitter Web Client</a>","mzhang13",0,FALSE,FALSE,NA,NA
"207","interesting social networking policy... ",FALSE,0,NA,2012-05-10 01:40:58,FALSE,NA,"200400003884253184",NA,"<a href=""http://twitter.com"" rel=""nofollow"">Twitter Web Client</a>","mzhang13",0,FALSE,FALSE,NA,NA
"208","there's comfort in solitude.",FALSE,0,NA,2012-05-09 01:39:03,FALSE,NA,"200037130620239872",NA,"<a href=""http://twitter.com"" rel=""nofollow"">Twitter Web Client</a>","mzhang13",1,FALSE,FALSE,NA,NA
"209","is this it?",FALSE,0,NA,2012-05-05 19:58:57,FALSE,NA,"198864378483838976",NA,"<a href=""http://twitter.com"" rel=""nofollow"">Twitter Web Client</a>","mzhang13",0,FALSE,FALSE,NA,NA
"210","concerning hobbits.  ",FALSE,0,NA,2012-05-03 01:57:56,FALSE,NA,"197867557351460865",NA,"<a href=""http://twitter.com"" rel=""nofollow"">Twitter Web Client</a>","mzhang13",0,FALSE,FALSE,NA,NA
"211","",FALSE,0,NA,2012-04-30 03:30:31,FALSE,NA,"196803692245155840",NA,"<a href=""http://twitter.com"" rel=""nofollow"">Twitter Web Client</a>","mzhang13",0,FALSE,FALSE,NA,NA
"212"," &lt;/3",FALSE,0,"LaurenKinane",2012-04-30 03:29:56,FALSE,"196796462875676673","196803546941894658","61691830","<a href=""http://twitter.com"" rel=""nofollow"">Twitter Web Client</a>","mzhang13",0,FALSE,FALSE,NA,NA
"213"," halllllllllllllo",FALSE,0,NA,2012-04-25 02:43:14,FALSE,NA,"194979855903899649",NA,"<a href=""http://twitter.com"" rel=""nofollow"">Twitter Web Client</a>","mzhang13",0,FALSE,FALSE,NA,NA
"214"," shhhhhhhhhhhhhhhhhhhhhhhhhh",FALSE,0,NA,2012-04-25 02:35:03,FALSE,NA,"194977795326218240",NA,"<a href=""http://twitter.com"" rel=""nofollow"">Twitter Web Client</a>","mzhang13",0,FALSE,FALSE,NA,NA
"215","remember that time...",FALSE,0,NA,2012-04-25 02:27:36,FALSE,NA,"194975921457999872",NA,"<a href=""http://twitter.com"" rel=""nofollow"">Twitter Web Client</a>","mzhang13",0,FALSE,FALSE,NA,NA
"216","timed writings are the most unrealistic, useless parts of standarized testing.
 ",FALSE,1,NA,2012-04-16 00:29:39,FALSE,NA,"191684748295413760",NA,"<a href=""http://twitter.com"" rel=""nofollow"">Twitter Web Client</a>","mzhang13",0,FALSE,FALSE,NA,NA
"217","y.o.u. ",FALSE,0,NA,2012-04-11 23:13:34,FALSE,NA,"190216049742979072",NA,"<a href=""http://twitter.com"" rel=""nofollow"">Twitter Web Client</a>","mzhang13",0,FALSE,FALSE,NA,NA
"218"," where!",FALSE,0,"beckermjulia",2012-04-10 23:52:02,FALSE,"189860906916777985","189863340212891650","393570115","<a href=""http://twitter.com"" rel=""nofollow"">Twitter Web Client</a>","mzhang13",0,FALSE,FALSE,NA,NA
"219","loge    ",FALSE,0,NA,2012-04-08 20:33:03,FALSE,NA,"189088487746699264",NA,"<a href=""http://twitter.com"" rel=""nofollow"">Twitter Web Client</a>","mzhang13",0,FALSE,FALSE,NA,NA
"220","am I better off dead? am I better off a quitter?",FALSE,0,NA,2012-04-07 04:46:28,FALSE,NA,"188487885417218049",NA,"<a href=""http://twitter.com"" rel=""nofollow"">Twitter Web Client</a>","mzhang13",0,FALSE,FALSE,NA,NA
"221","100 ON ALL-STATE WOOOOO",FALSE,2,NA,2012-04-03 02:51:05,FALSE,NA,"187009297140559873",NA,"<a href=""http://twitter.com"" rel=""nofollow"">Twitter Web Client</a>","mzhang13",0,FALSE,FALSE,NA,NA
"222","madama butterfly&lt;3 ",FALSE,0,NA,2012-03-03 06:05:10,FALSE,NA,"175824116841058304",NA,"<a href=""http://twitter.com"" rel=""nofollow"">Twitter Web Client</a>","mzhang13",0,FALSE,FALSE,NA,NA
"223"," because you're special!",FALSE,0,"RchelDavis",2012-03-02 02:01:58,FALSE,"175357978109689858","175400525209149440","404539068","<a href=""http://twitter.com"" rel=""nofollow"">Twitter Web Client</a>","mzhang13",0,FALSE,FALSE,NA,NA
"224"," d'awwwwwwwwwwwwwwww.",FALSE,0,"LaurenKinane",2012-02-21 05:15:03,FALSE,"171810796354023424","171825237191688193","61691830","<a href=""http://twitter.com"" rel=""nofollow"">Twitter Web Client</a>","mzhang13",0,FALSE,FALSE,NA,NA
"225","A New Light by mzhang13 via  http://t.co/UFn7LK76",FALSE,0,NA,2012-02-20 09:43:19,FALSE,NA,"171530361203998720",NA,"<a href=""https://dev.twitter.com/docs/tfw"" rel=""nofollow"">Twitter for Websites</a>","mzhang13",0,FALSE,FALSE,NA,NA
"226"," come backkkkkkkkkkk",FALSE,0,"em_benz",2012-02-09 02:51:58,FALSE,"167432472739590144","167440574943727616","410848570","<a href=""http://twitter.com"" rel=""nofollow"">Twitter Web Client</a>","mzhang13",0,FALSE,FALSE,NA,NA
"227","the irony.",FALSE,0,NA,2012-02-04 22:37:43,FALSE,NA,"165927038140690432",NA,"<a href=""http://twitter.com"" rel=""nofollow"">Twitter Web Client</a>","mzhang13",0,FALSE,FALSE,NA,NA
"228","Like the  and employers have no reason to be connected.  mentions this-more reason why I support him. ",FALSE,0,NA,2012-01-27 02:07:36,FALSE,NA,"162718367617269764",NA,"<a href=""http://twitter.com/download/iphone"" rel=""nofollow"">Twitter for iPhone</a>","mzhang13",0,FALSE,FALSE,NA,NA
"229","Romney on the offensive! yes! ",FALSE,0,NA,2012-01-27 01:28:15,FALSE,NA,"162708466253824001",NA,"<a href=""http://twitter.com/download/iphone"" rel=""nofollow"">Twitter for iPhone</a>","mzhang13",0,FALSE,FALSE,NA,NA
"230","super bowl here we come! ",FALSE,0,NA,2012-01-23 00:37:45,FALSE,NA,"161246205463101441",NA,"<a href=""http://twitter.com"" rel=""nofollow"">Twitter Web Client</a>","mzhang13",0,FALSE,FALSE,NA,NA
"231"," don't worry I haven't started at all...",FALSE,0,NA,2012-01-22 03:46:55,FALSE,NA,"160931419848318976",NA,"<a href=""http://twitter.com"" rel=""nofollow"">Twitter Web Client</a>","mzhang13",0,FALSE,FALSE,NA,NA
"232","khachaturian violin concerto ",FALSE,0,NA,2012-01-17 23:36:57,FALSE,NA,"159418963779006465",NA,"<a href=""http://twitter.com"" rel=""nofollow"">Twitter Web Client</a>","mzhang13",0,FALSE,FALSE,NA,NA
"233"," wooooooooooo",FALSE,0,"beckermjulia",2012-01-17 23:36:17,FALSE,"159415122652172288","159418796485001216","393570115","<a href=""http://twitter.com"" rel=""nofollow"">Twitter Web Client</a>","mzhang13",0,FALSE,FALSE,NA,NA
"234"," yay!",FALSE,0,"LaurenKinane",2012-01-16 23:58:33,FALSE,"159046677662154752","159062011270012930","61691830","<a href=""http://twitter.com"" rel=""nofollow"">Twitter Web Client</a>","mzhang13",0,FALSE,FALSE,NA,NA
"235"," ",FALSE,0,"lzehns14",2012-01-16 04:14:42,FALSE,NA,"158764087881375744","459565661","<a href=""http://twitter.com"" rel=""nofollow"">Twitter Web Client</a>","mzhang13",0,FALSE,FALSE,NA,NA
"236","waking up in less than 5 hours. ",FALSE,0,NA,2012-01-10 04:48:23,FALSE,NA,"156598234167517184",NA,"<a href=""http://twitter.com"" rel=""nofollow"">Twitter Web Client</a>","mzhang13",0,FALSE,FALSE,NA,NA
"237","life-changing ",FALSE,0,NA,2012-01-08 20:04:15,FALSE,NA,"156103943842316288",NA,"<a href=""http://twitter.com"" rel=""nofollow"">Twitter Web Client</a>","mzhang13",0,FALSE,FALSE,NA,NA
"238"," I miss you.",FALSE,0,"whatcd",2012-01-07 18:39:14,FALSE,NA,"155720161033322496","20107089","<a href=""http://twitter.com"" rel=""nofollow"">Twitter Web Client</a>","mzhang13",0,FALSE,FALSE,NA,NA
"239","Team Romney. ",FALSE,0,NA,2012-01-04 03:45:37,FALSE,NA,"154408113263480832",NA,"<a href=""http://twitter.com"" rel=""nofollow"">Twitter Web Client</a>","mzhang13",0,FALSE,FALSE,NA,NA
"240","http://t.co/eOBdHFxa  ",FALSE,0,NA,2012-01-01 07:41:08,FALSE,NA,"153380220290863104",NA,"<a href=""http://twitter.com"" rel=""nofollow"">Twitter Web Client</a>","mzhang13",0,FALSE,FALSE,NA,NA
"241","mhaura  ",FALSE,0,NA,2011-12-31 21:52:28,FALSE,NA,"153232075418386432",NA,"<a href=""http://twitter.com"" rel=""nofollow"">Twitter Web Client</a>","mzhang13",0,FALSE,FALSE,NA,NA
"242","Polish things are beautiful.",FALSE,0,NA,2011-12-30 16:58:48,FALSE,NA,"152795785669517313",NA,"<a href=""http://twitter.com"" rel=""nofollow"">Twitter Web Client</a>","mzhang13",0,FALSE,FALSE,NA,NA
"243"," that awkward moment when KatieSkop hasn't accepted..",FALSE,0,NA,2011-11-21 01:59:03,FALSE,NA,"138436229342572545",NA,"<a href=""http://twitter.com"" rel=""nofollow"">Twitter Web Client</a>","mzhang13",0,FALSE,FALSE,NA,NA
"244","still loyal to the ",FALSE,0,NA,2011-09-29 04:23:52,FALSE,NA,"119266115607199745",NA,"<a href=""http://twitter.com"" rel=""nofollow"">Twitter Web Client</a>","mzhang13",0,FALSE,FALSE,NA,NA
"245","i don't know why i'm on twitter. ",FALSE,1,NA,2011-09-05 20:58:55,FALSE,NA,"110819220182417408",NA,"<a href=""http://twitter.com"" rel=""nofollow"">Twitter Web Client</a>","mzhang13",0,FALSE,FALSE,NA,NA
"246","JYJ’s Jaejoong explains why he doesn’t sing TVXQ’s songs http://t.co/HLMtmCd via  so bittersweet.",FALSE,0,NA,2011-07-22 10:01:05,FALSE,NA,"94346217877815296",NA,"<a href=""https://dev.twitter.com/docs/tfw"" rel=""nofollow"">Twitter for Websites</a>","mzhang13",0,FALSE,FALSE,NA,NA
"247","again with the late waking..",FALSE,0,NA,2010-08-04 17:19:35,FALSE,NA,"20319783596",NA,"<a href=""http://twitter.com/download/iphone"" rel=""nofollow"">Twitter for iPhone</a>","mzhang13",0,FALSE,FALSE,NA,NA
"248","scarface.. so intense.",FALSE,0,NA,2010-08-04 07:19:28,FALSE,NA,"20286711325",NA,"<a href=""http://twitter.com/download/iphone"" rel=""nofollow"">Twitter for iPhone</a>","mzhang13",0,FALSE,FALSE,NA,NA
"249","don't you hate when krazy glue touches your skin?",FALSE,0,NA,2010-08-04 02:23:06,FALSE,NA,"20270298357",NA,"<a href=""http://twitter.com/download/iphone"" rel=""nofollow"">Twitter for iPhone</a>","mzhang13",0,FALSE,FALSE,NA,NA
"250","socially networked.",FALSE,0,NA,2010-08-03 18:43:14,FALSE,NA,"20242035649",NA,"<a href=""http://twitter.com/download/iphone"" rel=""nofollow"">Twitter for iPhone</a>","mzhang13",0,FALSE,FALSE,NA,NA
"251","I should not be waking up this late..",FALSE,0,NA,2010-08-03 17:49:42,FALSE,NA,"20238916726",NA,"<a href=""http://twitter.com/download/iphone"" rel=""nofollow"">Twitter for iPhone</a>","mzhang13",0,FALSE,FALSE,NA,NA
"252","tweet 
tech rush? all these iPod touch apps.. I feel so extensive. life.",FALSE,0,NA,2010-08-03 06:26:22,FALSE,NA,"20201715048",NA,"<a href=""http://twitter.com/download/iphone"" rel=""nofollow"">Twitter for iPhone</a>","mzhang13",0,FALSE,FALSE,NA,NA
